comuna,n_estaciones,pct_llena_avg,pct_vacia_avg,pct_llena_max,bikes_avg,docks_avg,pct_criticas
Ñuñoa,20,0.34807162534435265,0.0011019283746556475,0.49586776859504134,13.550275482093664,2.8331955922865015,0.5
Providencia,67,0.26820443238353686,0.006003042638049422,0.6363636363636364,14.870276715595576,4.448871345750586,0.31343283582089554
Independencia,3,0.11937557392102847,0.0,0.14049586776859505,8.350780532598714,5.265381083562901,0.0
Las Condes,95,0.06544874583152095,0.07322024068435552,0.5840220385674931,5.273684210526316,7.107496012759171,0.042105263157894736
Otra,1,0.008264462809917356,0.19008264462809918,0.008264462809917356,4.322314049586777,6.647382920110193,0.0
Vitacura,12,0.004132231404958678,0.14669421487603304,0.0440771349862259,5.295913682277319,11.792240587695133,0.0
